{
  "Dummy": {
    "accuracy": 0.95088,
    "f1": 0.0,
    "roc_auc": 0.5
  },
  "Logistic Regression": {
    "accuracy": 0.96272,
    "f1": 0.41309823677581864,
    "roc_auc": 0.8397035682633224
  },
  "Decision Tree": {
    "accuracy": 0.9624,
    "f1": 0.48577680525164113,
    "roc_auc": 0.8321132737115519
  },
  "Random Forest": {
    "accuracy": 0.97344,
    "f1": 0.6327433628318584,
    "roc_auc": 0.8993971502345025
  },
  "Gradient Boosting": {
    "accuracy": 0.98048,
    "f1": 0.7540322580645161,
    "roc_auc": 0.9037150431816701
  }
}